,Attraction,topic_type,Topic 0,Topic 1,Topic 2,Topic 3,Topic 4
0,채그로,Topic 0,0.9463451504707336,0.013377721421420574,0.013512039557099342,0.01336570456624031,0.013399386778473854
1,소소한 풍경,Topic 4,0.022392958402633667,0.022582462057471275,0.022633427754044533,0.022527186200022697,0.9098640084266663
2,마복림할머니집,Topic 2,0.022442741319537163,0.022711709141731262,0.9094095230102539,0.02245331183075905,0.022982679307460785
3,뮤직컴플렉스 서울,Topic 4,0.014621765352785587,0.014585429802536964,0.014460285194218159,0.014335600659251213,0.9419969320297241
4,또순이네집,Topic 4,0.022371254861354828,0.022453170269727707,0.022445444017648697,0.02257854864001274,0.9101516008377075
5,우묵배미,Topic 1,0.010143027640879154,0.9591262936592102,0.010195702314376831,0.010351062752306461,0.010183929465711117
6,토속촌삼계탕,Topic 3,0.022357981652021408,0.022495349869132042,0.0226376224309206,0.9098713994026184,0.022637711837887764
7,석파랑,Topic 1,0.0,0.9128833413124084,0.0,0.057972945272922516,0.0
8,선천집,Topic 4,0.016903361305594444,0.017129600048065186,0.016939716413617134,0.01705867238342762,0.931968629360199
9,청수정,Topic 3,0.013416694477200508,0.013495591469109058,0.01364191435277462,0.9459052085876465,0.013540583662688732
10,만석장,Topic 3,0.010743962600827217,0.010731950402259827,0.010633953846991062,0.9571285843849182,0.010761519894003868
11,선동보리밥,Topic 4,0.022533604875206947,0.022620905190706253,0.022516531869769096,0.022523308172822,0.9098056554794312
12,대림창고,Topic 2,0.25818872451782227,0.014632009901106358,0.6981646418571472,0.014430646784603596,0.014584020711481571
13,컨퍼런스하우스달개비 정동점,Topic 4,0.016809877008199692,0.01694699190557003,0.017101189121603966,0.017111940309405327,0.9320299625396729
14,겟댓샷(Get That Shot),Topic 0,0.9257761836051941,0.018660500645637512,0.018438657745718956,0.01828891970217228,0.018835710361599922
15,더 스팟 패뷸러스,Topic 4,0.02258043922483921,0.022625640034675598,0.2878026068210602,0.022799842059612274,0.6441914439201355
16,진고개,Topic 3,0.020567577332258224,0.02055741660296917,0.02040756866335869,0.9179844260215759,0.020483030006289482
17,우래옥,Topic 0,0.9256103038787842,0.01864827424287796,0.018417702987790108,0.018635433167219162,0.018688242882490158
18,인왕산 더숲 초소책방,Topic 2,0.0254064928740263,0.025264913216233253,0.8987757563591003,0.02519112452864647,0.025361722335219383
19,삼거리먼지막순대국,Topic 2,0.01214439608156681,0.012306641787290573,0.9511362910270691,0.012160355225205421,0.01225228514522314
20,세종한우정육점식당 2호점,Topic 1,0.01457204483449459,0.9417849779129028,0.01446279976516962,0.014707015827298164,0.014473184011876583
21,삼청동수제비,Topic 2,0.011972006410360336,0.011902891099452972,0.952242374420166,0.011905830353498459,0.011976899579167366
22,런던베이글뮤지엄,Topic 3,0.015779566019773483,0.01588691584765911,0.015721546486020088,0.9368459582328796,0.01576601341366768
23,삼원가든,Topic 1,0.01569908857345581,0.9371302127838135,0.015602277591824532,0.01584615372121334,0.015722256153821945
24,진주회관,Topic 4,0.01456561591476202,0.014418243430554867,0.01448083110153675,0.01451428048312664,0.9420210719108582
25,샤오바오우육면 종로본점,Topic 1,0.025118384510278702,0.8991274237632751,0.025169355794787407,0.025191083550453186,0.025393757969141006
26,수연산방,Topic 0,0.9618010520935059,0.0,0.0,0.0,0.0
27,필동면옥,Topic 3,0.014634807594120502,0.014742650091648102,0.3592595160007477,0.5966806411743164,0.01468244194984436
28,도넛정수 창신,Topic 2,0.022347504273056984,0.022462431341409683,0.9102799892425537,0.022392256185412407,0.022517766803503036
29,티테라피,Topic 0,0.9420304298400879,0.014611558988690376,0.014494108036160469,0.014388864859938622,0.014475026167929173
30,진옥화할매원조닭한마리,Topic 1,0.02272067964076996,0.9086803793907166,0.022977329790592194,0.022733934223651886,0.022887643426656723
31,강서구 고성막국수,Topic 1,0.03415145352482796,0.8645474314689636,0.03371364250779152,0.033631205558776855,0.033956222236156464
32,원조홍어 본점,Topic 4,0.020128101110458374,0.020217977464199066,0.020220251753926277,0.020279625430703163,0.9191539883613586
33,해방촌 혼고,Topic 4,0.02948896959424019,0.029590049758553505,0.02901269681751728,0.03095237724483013,0.8809559345245361
34,카페 할아버지공장,Topic 0,0.8983694314956665,0.025574272498488426,0.025409525260329247,0.025176819413900375,0.025469936430454254
35,울프강스테이크하우스,Topic 2,0.01443304494023323,0.014659266918897629,0.9420651197433472,0.01439537201076746,0.014447232708334923
36,남도분식 익선점,Topic 4,0.025442587211728096,0.025464480742812157,0.025387806817889214,0.025353621691465378,0.8983514904975891
37,태극당,Topic 1,0.016853878274559975,0.9324458241462708,0.016859881579875946,0.01690981723368168,0.016930600628256798
38,낙원떡집,Topic 2,0.02247471921145916,0.0224259402602911,0.9101995825767517,0.022369731217622757,0.022529998794198036
39,두가헌 레스토랑,Topic 2,0.011401709169149399,0.011349027045071125,0.9547045230865479,0.011262492276728153,0.011282272636890411
40,RSG 성수,Topic 1,0.022357800975441933,0.9106190204620361,0.022326458245515823,0.022286122664809227,0.02241062931716442
41,스미스가좋아하는한옥,Topic 4,0.011349801905453205,0.011449272744357586,0.01140089612454176,0.011232763528823853,0.9545671939849854
42,뉘조,Topic 4,0.01861499436199665,0.018435293808579445,0.018658587709069252,0.018437113612890244,0.925853967666626
43,하나로회관,Topic 3,0.01127688866108656,0.01132486667484045,0.011332455091178417,0.9547439813613892,0.011321824043989182
44,소문난성수감자탕 별관,Topic 2,0.025266433134675026,0.025399183854460716,0.8985921740531921,0.02526796981692314,0.025474250316619873
45,진미옥설농탕,Topic 1,0.012828134931623936,0.9489327669143677,0.012762107886373997,0.012762309983372688,0.012714670971035957
46,꽃새우 영번지,Topic 1,0.06787513196468353,0.7271853685379028,0.06815221905708313,0.06840130686759949,0.06838596612215042
47,해주냉면 본점,Topic 2,0.018504684790968895,0.018554195761680603,0.9258990287780762,0.018537607043981552,0.018504511564970016
48,충무로부산복집,Topic 3,0.01275975164026022,0.012776708230376244,0.012790229171514511,0.9489116072654724,0.012761672958731651
49,평창동북악정 신관,Topic 2,0.0,0.0,0.6316368579864502,0.0,0.3392372727394104
50,계림식당,Topic 1,0.06787605583667755,0.727156400680542,0.06815491616725922,0.06838521361351013,0.0684274286031723
51,자하손만두,Topic 3,0.011253065429627895,0.011226935312151909,0.011295382864773273,0.954937756061554,0.011286863125860691
52,키누카누,Topic 3,0.022337915375828743,0.022557422518730164,0.022775383666157722,0.9098794460296631,0.022449864074587822
53,황생가칼국수,Topic 3,0.012650511227548122,0.012697172351181507,0.012671858072280884,0.9493023157119751,0.012678142637014389
54,부민옥,Topic 1,0.013457044027745724,0.9462664723396301,0.013383304700255394,0.013435866683721542,0.013457315042614937
55,김가네가마솥설렁탕,Topic 4,0.0,0.0,0.0,0.0,0.9630350470542908
56,동작노을카페,Topic 4,0.016836460679769516,0.016901474446058273,0.01675664819777012,0.016750887036323547,0.9327545166015625
57,비언유주얼,Topic 0,0.9326627254486084,0.016946585848927498,0.0168226957321167,0.016726717352867126,0.016841236501932144
58,청송옥,Topic 3,0.015676626935601234,0.01569686084985733,0.015809716656804085,0.9371277093887329,0.01568903774023056
59,코코넛박스 카페,Topic 4,0.020985038951039314,0.02050209231674671,0.020213788375258446,0.020030219107866287,0.9182688593864441
60,동방명주 충무로점,Topic 2,0.012573008425533772,0.012656042352318764,0.9495200514793396,0.012613539583981037,0.012637360952794552
61,소선재,Topic 4,0.011844062246382236,0.011976405046880245,0.012164545245468616,0.01199303474277258,0.9520218968391418
62,쭈꾸미킹2.0 상봉점,Topic 1,0.022345859557390213,0.9104801416397095,0.022457238286733627,0.022344278171658516,0.0223725363612175
63,와이키키마켓,Topic 1,0.020613521337509155,0.9183874130249023,0.02027575671672821,0.020121362060308456,0.020601952448487282
64,강북구 서당골,Topic 2,0.018573932349681854,0.01870504952967167,0.9253786206245422,0.018661819398403168,0.018680574372410774
65,켄싱턴호텔 여의도 뉴욕뉴욕,Topic 1,0.17686133086681366,0.7890873551368713,0.011465229094028473,0.011247542686760426,0.011338548734784126
66,남산골산채집,Topic 1,0.020255262032151222,0.9183672666549683,0.020421305671334267,0.02032150700688362,0.020634669810533524
67,중구 베테랑칼국수,Topic 3,0.02245790883898735,0.022489463910460472,0.022472728043794632,0.9100964069366455,0.02248346619307995
68,꽃밥에피다,Topic 1,0.022805068641901016,0.9098487496376038,0.022445788607001305,0.022401228547096252,0.02249918133020401
69,패션5,Topic 4,0.022712456062436104,0.02258547954261303,0.022646134719252586,0.022419022396206856,0.9096368551254272
70,페르시안궁전,Topic 2,0.014411617070436478,0.014419499784708023,0.9422677159309387,0.014457355253398418,0.014443854801356792
71,강동 오늘손칼국수,Topic 2,0.015504751354455948,0.01580127701163292,0.9371829032897949,0.01562763750553131,0.0158834345638752
72,필경재,Topic 1,0.02014235407114029,0.9180498719215393,0.020567042753100395,0.02069028653204441,0.02055041864514351
73,송림식당,Topic 1,0.018350213766098022,0.9260725378990173,0.018490999937057495,0.018580930307507515,0.01850528083741665
74,일일향 논현2호점,Topic 1,0.015541945584118366,0.9376077055931091,0.015753693878650665,0.015530929900705814,0.015565748326480389
75,서초동노랑저고리,Topic 4,0.01690067909657955,0.01703704334795475,0.01703249104321003,0.16301892697811127,0.7860108017921448
76,중구 송원,Topic 1,0.06787567585706711,0.7271649837493896,0.068153016269207,0.068418949842453,0.06838738918304443
77,신당동천팥죽,Topic 3,0.025205297395586967,0.02536674030125141,0.025224439799785614,0.8988739252090454,0.02532961405813694
78,동흥관,Topic 2,0.011867385357618332,0.3235704302787781,0.6406960487365723,0.011891225352883339,0.01197490468621254
79,강남구 카페엠,Topic 1,0.02520303800702095,0.8991832137107849,0.02523357979953289,0.02511139214038849,0.0252687968313694
80,송림가,Topic 4,0.012662776745855808,0.01272737979888916,0.012692715041339397,0.012665435671806335,0.9492517113685608
81,63뷔페 파빌리온,Topic 3,0.022337250411510468,0.02250932715833187,0.022430527955293655,0.9102795124053955,0.022443391382694244
82,강강술래신림본동점,Topic 1,0.012700666673481464,0.9491800665855408,0.012698736041784286,0.012709051370620728,0.012711476534605026
83,송추가마골 은평1호점,Topic 0,0.9421107172966003,0.014511552639305592,0.014404106885194778,0.014474626630544662,0.014498994685709476
84,봉래헌(메이필드호텔),Topic 1,0.06787512451410294,0.7271855473518372,0.06815219670534134,0.06837914884090424,0.06840802729129791
85,꾸에바마테라,Topic 1,0.02536935731768608,0.8986079096794128,0.025435350835323334,0.02514812909066677,0.025439269840717316
86,고려삼계탕,Topic 4,0.010628020390868187,0.14596140384674072,0.01067377720028162,0.01087691355496645,0.8218598961830139
87,금천구춘천옥,Topic 1,0.011925334110856056,0.9523608088493347,0.011896698735654354,0.011868403293192387,0.011948762461543083
88,인크커피 가산점,Topic 1,0.01581375114619732,0.9374464154243469,0.01553847175091505,0.015504127368330956,0.015697265043854713
89,성북동누룽지백숙,Topic 3,0.015915662050247192,0.015585635788738728,0.01571432687342167,0.9371351599693298,0.01564922370016575
90,고래불,Topic 1,0.013415061868727207,0.9461073875427246,0.01350704487413168,0.013528437353670597,0.013442112132906914
91,배정철어도,Topic 2,0.013569892384111881,0.013586468063294888,0.9455691576004028,0.013712674379348755,0.013561775907874107
92,아이러브신당동떡볶이,Topic 1,0.022315800189971924,0.9098460078239441,0.022554149851202965,0.022430846467614174,0.022853177040815353
93,케르반레스토랑,Topic 0,0.9189236164093018,0.020286109298467636,0.02033657766878605,0.02018766663968563,0.02026602439582348
94,진주집,Topic 3,0.0201746616512537,0.020273230969905853,0.020236417651176453,0.9189247488975525,0.020390981808304787
95,호남식당,Topic 3,0.016760334372520447,0.016907617449760437,0.016916519030928612,0.9324252605438232,0.016990263015031815
96,서대문수빈,Topic 4,0.014416679739952087,0.014479870907962322,0.01456145104020834,0.014592690393328667,0.9419492483139038
97,여의도백리향,Topic 1,0.014424965716898441,0.9419963359832764,0.014669098891317844,0.014494998380541801,0.014414569362998009
98,송파구횡성한우,Topic 2,0.018551290035247803,0.018549716100096703,0.925388753414154,0.019006015732884407,0.018504232168197632
99,도봉구대문한정식,Topic 4,0.03386422619223595,0.03407125174999237,0.03372500464320183,0.033933836966753006,0.8644056916236877
100,촛불1978,Topic 1,0.01449969969689846,0.9419654607772827,0.014589125290513039,0.014510555192828178,0.01443518977612257
101,평안도족발집,Topic 4,0.015624260529875755,0.0156574584543705,0.015766944736242294,0.015703728422522545,0.9372475743293762
102,청와옥 본점,Topic 0,0.9258349537849426,0.018550051376223564,0.018663788214325905,0.018501929938793182,0.018449246883392334
103,서대문구형제갈비,Topic 1,0.014440188184380531,0.9420037269592285,0.014440534636378288,0.014485938474535942,0.014629572629928589
104,송화산시도삭면,Topic 1,0.01567809283733368,0.9376676678657532,0.015619072131812572,0.015472391620278358,0.01556278858333826
105,참만나,Topic 0,0.941226601600647,0.014682292938232422,0.014690982177853584,0.014646398834884167,0.014753739349544048
106,제일콩집,Topic 3,0.011866453103721142,0.01193958055227995,0.012018858455121517,0.9522311091423035,0.011944051831960678
107,무교동 북어국집,Topic 3,0.017017532140016556,0.01702016219496727,0.017334582284092903,0.9316126704216003,0.017015041783452034
108,전민규의황제누룽지탕 노원직영점,Topic 1,0.02228633314371109,0.910636842250824,0.022282186895608902,0.022490981966257095,0.022303689271211624
109,WANGTHAI,Topic 2,0.02549763396382332,0.025408785790205002,0.8985328078269958,0.025302868336439133,0.025257881730794907
110,성수살라댕템플,Topic 2,0.020276447758078575,0.020448125898838043,0.9185929298400879,0.020270077511668205,0.020412493497133255
111,관훈동 산촌,Topic 3,0.0133882537484169,0.013473471626639366,0.013477572239935398,0.9462246298789978,0.013436086475849152
112,로씨니,Topic 3,0.012031630612909794,0.012053287588059902,0.3621126115322113,0.6017646193504333,0.012037841603159904
113,대도식당 왕십리본점,Topic 3,0.025445638224482536,0.02545931376516819,0.025458907708525658,0.8982184529304504,0.025417670607566833
114,산채향,Topic 2,0.01687253825366497,0.017040401697158813,0.9323310852050781,0.016894519329071045,0.01686149463057518
115,사간동푸드떼,Topic 4,0.015700526535511017,0.015656769275665283,0.015528474934399128,0.015495735220611095,0.9376184940338135
116,마포삼다코지,Topic 1,0.022921865805983543,0.909231960773468,0.022595316171646118,0.022358272224664688,0.02289256639778614
117,옛날집낙원아구찜,Topic 1,0.01689288578927517,0.932509183883667,0.016887584701180458,0.016789009794592857,0.016921326518058777
118,영일분식,Topic 0,0.6094526052474976,0.32861989736557007,0.020705750212073326,0.020463399589061737,0.020758410915732384
119,아재왔소,Topic 1,0.022576317191123962,0.9096968173980713,0.022499367594718933,0.02241489663720131,0.02281261421740055
120,르몽블랑,Topic 1,0.01859290339052677,0.9261675477027893,0.018366703763604164,0.018257377669215202,0.018615467473864555
121,대치동중앙해장,Topic 3,0.022363733500242233,0.022569606080651283,0.02238740772008896,0.9103116393089294,0.02236761525273323
122,고궁의 아침,Topic 1,0.29705965518951416,0.6645872592926025,0.012761231511831284,0.01280151680111885,0.012790346518158913
123,성북동돼지갈비본점,Topic 4,0.018825583159923553,0.018657885491847992,0.01842695288360119,0.018915388733148575,0.9251741766929626
124,강동황도바지락칼국수,Topic 4,0.029807500541210175,0.029064960777759552,0.029315833002328873,0.02957146055996418,0.8822402358055115
125,금왕돈까스 본점,Topic 2,0.01363113522529602,0.013654643669724464,0.9455993175506592,0.013544443994760513,0.013570470735430717
126,운산,Topic 4,0.050733741372823715,0.0515572726726532,0.05096963047981262,0.05129655450582504,0.7954427599906921
127,서초구통나무집,Topic 1,0.018782170489430428,0.5100548267364502,0.018490348011255264,0.01860087551176548,0.43407177925109863
128,설마중,Topic 1,0.015540341846644878,0.9371626973152161,0.015646575018763542,0.015741856768727303,0.015908557921648026
129,강서도일처,Topic 0,0.9184630513191223,0.020324725657701492,0.020502844825387,0.020254625007510185,0.02045470103621483
130,강남곰바위,Topic 0,0.9374704957008362,0.01566486246883869,0.015617051161825657,0.015621792525053024,0.01562582142651081
131,드럼통 참숯석쇠구이,Topic 2,0.012827574275434017,0.46126288175582886,0.49294257164001465,0.02013663575053215,0.012830291874706745
132,종로구밀림,Topic 1,0.014685405418276787,0.9418269395828247,0.014475732110440731,0.01440016832202673,0.014611764810979366
133,인사동 촌,Topic 2,0.011847193352878094,0.012115832418203354,0.9520928859710693,0.012073417194187641,0.011870699934661388
134,대호정,Topic 0,0.9184378385543823,0.020490361377596855,0.02025296725332737,0.020373918116092682,0.020444948226213455
135,아델라베일리,Topic 4,0.010147975757718086,0.010104713030159473,0.010204828344285488,0.010046146810054779,0.9594963192939758
136,삼대할먼네,Topic 4,0.025416681542992592,0.02545647881925106,0.02545352466404438,0.02526143006980419,0.8984119296073914
137,용산구기와,Topic 1,0.014354448765516281,0.8502641916275024,0.1059393435716629,0.014672179706394672,0.014769816771149635
138,을지다방,Topic 1,0.013597287237644196,0.9458532929420471,0.013545969501137733,0.013393664732575417,0.013609766028821468
139,해담채 남부터미널점,Topic 1,0.025149350985884666,0.8984284996986389,0.025525040924549103,0.025547582656145096,0.025349535048007965
140,감꽃당,Topic 4,0.293520450592041,0.013772545382380486,0.01370755210518837,0.013503638096153736,0.6654958724975586
141,국화정원,Topic 3,0.01445572730153799,0.014692237600684166,0.014735219068825245,0.9415208697319031,0.014595926739275455
142,뽐모도로,Topic 1,0.04068275913596153,0.8369239568710327,0.04072270542383194,0.041064538061618805,0.04060598462820053
143,트레스드,Topic 1,0.022420348599553108,0.9099814891815186,0.022504769265651703,0.022456301376223564,0.02263704687356949
144,수유동가문,Topic 1,0.02234218269586563,0.9100927710533142,0.022536849603056908,0.022452833130955696,0.022575369104743004
145,북한산 큰숲 제빵소,Topic 0,0.9497103691101074,0.012589693069458008,0.012558026239275932,0.012537273578345776,0.01260461937636137
146,다래함박스텍,Topic 2,0.018484359607100487,0.018453938886523247,0.9263238906860352,0.018345225602388382,0.01839255727827549
147,뱃고동,Topic 1,0.020402178168296814,0.9188674688339233,0.02020864002406597,0.020346829667687416,0.020174873992800713
148,한강파라다이스,Topic 1,0.0,0.9612569808959961,0.0,0.0,0.0
149,미가할매집,Topic 1,0.010157103650271893,0.754832923412323,0.01018819771707058,0.21449798345565796,0.010323736816644669
150,서울서둘째로잘하는집,Topic 3,0.015588244423270226,0.015733079984784126,0.0156564898788929,0.9374343752861023,0.015587794594466686
151,자인뭉티기,Topic 3,0.025289317592978477,0.02539132721722126,0.02527381293475628,0.8985028266906738,0.025542693212628365
152,양반댁,Topic 4,0.011221743188798428,0.011489047668874264,0.011446405202150345,0.011378356255590916,0.9544644355773926
153,미자식당,Topic 1,0.028730932623147964,0.8840777277946472,0.029179006814956665,0.029019316658377647,0.02899300493299961
154,평안도만두집,Topic 3,0.01845172792673111,0.018512999638915062,0.018532974645495415,0.6425495147705078,0.3019528090953827
155,지화자,Topic 3,0.014342622831463814,0.014639769680798054,0.014405868016183376,0.9421752691268921,0.014436518773436546
156,인사동그집,Topic 1,0.06787599623203278,0.7271619439125061,0.06815696507692337,0.06839541345834732,0.06840965151786804
157,라칸티나,Topic 2,0.040693242102861404,0.04146363213658333,0.8358495831489563,0.04131554439663887,0.0406780019402504
158,동적불고기깡통구이 쌍문 본점,Topic 1,0.02011013962328434,0.9192927479743958,0.020128877833485603,0.020178506150841713,0.02028968371450901
159,어양,Topic 1,0.014402958564460278,0.941992461681366,0.014543360099196434,0.014462284743785858,0.014598906971514225
160,서래본갈비,Topic 1,0.01845855638384819,0.926196813583374,0.01852329447865486,0.018390629440546036,0.018430734053254128
161,단미그린비,Topic 2,0.022365044802427292,0.022642839699983597,0.9089971780776978,0.022846700623631477,0.023148203268647194
162,갯마을,Topic 2,0.01838468387722969,0.018345659598708153,0.9258506894111633,0.018877243623137474,0.0185417290776968
163,그리츠 레스토랑,Topic 2,0.018311578780412674,0.018720751628279686,0.5787966847419739,0.018699247390031815,0.3654717206954956
164,아승지,Topic 2,0.025232337415218353,0.41333717107772827,0.5102940797805786,0.02564040757715702,0.02549600601196289
165,광장싸롱 1961,Topic 0,0.9180288910865784,0.020364999771118164,0.020548008382320404,0.020617295056581497,0.020440805703401566
166,태림산채정식,Topic 1,0.022653775289654732,0.908412516117096,0.023505596444010735,0.02268374152481556,0.022744309157133102
167,을지로 원형들,Topic 1,0.01575676165521145,0.4876825511455536,0.4652725160121918,0.015535593032836914,0.01575254648923874
168,산도토리임자탕,Topic 1,0.015462498180568218,0.9376611709594727,0.01579166017472744,0.015589293092489243,0.015495313331484795
169,향림,Topic 3,0.0,0.0,0.0,0.9649127721786499,0.0
170,금용문,Topic 1,0.0,0.9646549820899963,0.0,0.0,0.0
171,깃대봉냉면,Topic 3,0.04111422598361969,0.04123077169060707,0.04089972749352455,0.8359208106994629,0.040834419429302216
172,순희네빈대떡,Topic 3,0.0253609512001276,0.025764435529708862,0.025931743904948235,0.8974628448486328,0.025480028241872787
173,곰국시집 명동,Topic 1,0.06787597388029099,0.7271558046340942,0.06815366446971893,0.06841596961021423,0.06839857995510101
174,만강 수서점,Topic 4,0.03395045921206474,0.03444314002990723,0.034302350133657455,0.03482942655682564,0.8624746203422546
175,해담채 서여의도점,Topic 1,0.025433074682950974,0.8973631262779236,0.025416182354092598,0.02526903711259365,0.026518594473600388
176,다락정,Topic 2,0.020314477384090424,0.020504498854279518,0.9180942177772522,0.02059444785118103,0.02049238048493862
177,백원,Topic 1,0.04043613374233246,0.8371749520301819,0.041051458567380905,0.04080555588006973,0.04053189978003502
178,아리차이,Topic 1,0.0253997053951025,0.8980225920677185,0.02589499205350876,0.025444764643907547,0.025237957015633583
179,익선동 그집,Topic 1,0.025380009785294533,0.8982834219932556,0.025371773168444633,0.025600453838706017,0.025364309549331665
180,먹고을전주콩나물국밥 묵동본점,Topic 1,0.1023067757487297,0.5890137553215027,0.10270821303129196,0.10295891761779785,0.1030123308300972
181,명품기사식당뚝다리김치찌개,Topic 4,0.016764922067523003,0.0169046763330698,0.01701095513999462,0.01690356247127056,0.9324159026145935
182,요리하는남자,Topic 1,0.0,0.9251697063446045,0.04940425232052803,0.0,0.0
183,성수족발,Topic 1,0.025643380358815193,0.8973963260650635,0.025708813220262527,0.025466635823249817,0.02578483521938324
184,키미아트,Topic 1,0.02988239750266075,0.8827846050262451,0.029114147648215294,0.02887151762843132,0.029347335919737816
185,문배동 육칼,Topic 1,0.40500277280807495,0.551592230796814,0.014464552514255047,0.014445616863667965,0.014494880102574825
186,청담골,Topic 3,0.011875510215759277,0.011936819180846214,0.01192269753664732,0.9523714780807495,0.01189347356557846
187,몽실이네 토종한우,Topic 0,0.9373375177383423,0.01576772890985012,0.015590616501867771,0.015628710389137268,0.015675485134124756
188,미진,Topic 2,0.014489015564322472,0.014590837992727757,0.9418811798095703,0.01453425083309412,0.014504684135317802
189,동심한정식,Topic 2,0.02239246852695942,0.022715875878930092,0.9085217118263245,0.023083120584487915,0.02328682690858841
190,남원추어탕 풍천장어,Topic 1,0.025215713307261467,0.8983115553855896,0.0256423968821764,0.025532618165016174,0.025297734886407852
191,산삼청각,Topic 3,0.012743181549012661,0.012905261479318142,0.012651700526475906,0.9488696455955505,0.012830161489546299
192,테르트르카페,Topic 4,0.011298946104943752,0.011420647613704205,0.011348526924848557,0.011181945912539959,0.9547498822212219
193,최수사 대게마을,Topic 1,0.022707397118210793,0.9083455204963684,0.023316092789173126,0.022952955216169357,0.022678043693304062
194,정식당,Topic 2,0.020370274782180786,0.020690051838755608,0.9183669090270996,0.020319992676377296,0.020252805203199387
195,인사동큰집,Topic 4,0.0336698479950428,0.034062422811985016,0.034066587686538696,0.03412491828203201,0.8640761971473694
196,옥류헌릴렉스,Topic 1,0.01691480353474617,0.9323552846908569,0.016737088561058044,0.016707653179764748,0.017285186797380447
197,위대한밥상 영광,Topic 3,0.025220733135938644,0.025487495586276054,0.025860438123345375,0.8979871869087219,0.02544412948191166
198,부일갈비,Topic 1,0.010775825008749962,0.9569341540336609,0.010765484534204006,0.010750318877398968,0.010774161666631699
199,툭툭누들타이,Topic 0,0.9696942567825317,0.0,0.0,0.0,0.0
200,금강수림,Topic 1,0.013393605127930641,0.9452251195907593,0.013572316616773605,0.01380703505128622,0.014001891948282719
201,세상의모든아침,Topic 1,0.01129891537129879,0.954950749874115,0.011246963404119015,0.011196463368833065,0.011306945234537125
202,조선옥,Topic 1,0.012613728642463684,0.9493160247802734,0.012736840173602104,0.012698720209300518,0.012634643353521824
203,미 피아체,Topic 2,0.0,0.25756481289863586,0.7199252247810364,0.0,0.0
204,창성옥,Topic 1,0.01695823483169079,0.9323453903198242,0.016867345198988914,0.016948778182268143,0.01688026450574398
205,갯마을풍천장어,Topic 2,0.012562038376927376,0.012721235863864422,0.949298620223999,0.012738666497170925,0.01267941202968359
206,최대감네,Topic 1,0.06787588447332382,0.7271600961685181,0.06815410405397415,0.0683961808681488,0.06841376423835754
207,삼해집,Topic 2,0.014517958275973797,0.46004655957221985,0.49633798003196716,0.014458524994552135,0.014638959430158138
208,유진막국수,Topic 4,0.13782286643981934,0.017066098749637604,0.017124725505709648,0.016994377598166466,0.8109918832778931
209,눈나무집,Topic 2,0.013675165362656116,0.013637148775160313,0.9453297853469849,0.01361106988042593,0.013746831566095352
210,불맛감자국,Topic 1,0.020160838961601257,0.5691510438919067,0.020498251542448997,0.02025473304092884,0.3699350953102112
211,해담채 강남점,Topic 1,0.025191612541675568,0.8985809087753296,0.025538409128785133,0.025460530072450638,0.02522851526737213
212,초우마을,Topic 4,0.018661830574274063,0.018653424456715584,0.018473055213689804,0.36573874950408936,0.5784729719161987
213,대상해,Topic 2,0.033963341265916824,0.03421816974878311,0.8638482689857483,0.03412706032395363,0.03384314104914665
214,왕돈까스&왕냉면,Topic 1,0.06787532567977905,0.7271790504455566,0.0681525394320488,0.06840614974498749,0.06838690489530563
215,루위,Topic 2,0.1993909478187561,0.01281201746314764,0.7624608874320984,0.01266695000231266,0.012669243849813938
216,아리아,Topic 2,0.01006284449249506,0.010198952630162239,0.9594510793685913,0.01015376579016447,0.010133378207683563
217,에도긴,Topic 1,0.01438914705067873,0.9420320391654968,0.0146257933229208,0.014514891430735588,0.014438167214393616
218,초록뜰,Topic 0,0.9523519277572632,0.011903730221092701,0.011878378689289093,0.011960167437791824,0.011905818246304989
219,안성또순이,Topic 1,0.033545851707458496,0.8654331564903259,0.03375276178121567,0.03362608700990677,0.033642109483480453
220,달 카페,Topic 1,0.06787485629320145,0.727195680141449,0.06815185397863388,0.06839089095592499,0.06838671863079071
221,다리원,Topic 1,0.028743967413902283,0.8846421837806702,0.02876495197415352,0.029037149623036385,0.028811724856495857
222,동해복집,Topic 1,0.013490578159689903,0.9457290768623352,0.01359961275011301,0.013653687201440334,0.013527077622711658
223,톰볼라,Topic 2,0.01061837188899517,0.010727799497544765,0.9574036598205566,0.010606464929878712,0.010643762536346912
224,엄마손칼국수,Topic 2,0.02534409984946251,0.02548973076045513,0.8981893062591553,0.025509273633360863,0.02546761743724346
225,고바우소곱창,Topic 1,0.018399450927972794,0.9267541170120239,0.018290698528289795,0.01829465664923191,0.018261099234223366
226,장꼬방김치찌개전문,Topic 4,0.028684884309768677,0.028878893703222275,0.028767190873622894,0.029087921604514122,0.8845811486244202
227,청송본관함흥냉면,Topic 1,0.025905432179570198,0.896713376045227,0.02588195912539959,0.025534847751259804,0.025964392349123955
228,참숯골,Topic 1,0.0135746905580163,0.9455275535583496,0.013653421774506569,0.013606107793748379,0.01363823190331459
229,골목집,Topic 4,0.01682254672050476,0.01750069111585617,0.017500659450888634,0.017237519845366478,0.9309386014938354
230,모뜨,Topic 0,0.9373289942741394,0.01574220135807991,0.01573130115866661,0.015551669523119926,0.015645848587155342
231,셀프하우스,Topic 1,0.06787530332803726,0.7271778583526611,0.06815243512392044,0.06837773323059082,0.06841666996479034
232,삼성 빨간양념 숯불구이,Topic 2,0.028993073850870132,0.02929706685245037,0.8834035992622375,0.029132023453712463,0.029174217954277992
233,진남포면옥,Topic 0,0.9253837466239929,0.018628781661391258,0.018660403788089752,0.018619978800415993,0.018707122653722763
234,성북동집,Topic 4,0.020427582785487175,0.020349428057670593,0.020407119765877724,0.020568981766700745,0.9182469248771667
235,삿뽀로 목동점,Topic 4,0.022570930421352386,0.02249663695693016,0.022365588694810867,0.02237880602478981,0.9101880192756653
236,갓잇(god eat),Topic 1,0.025124846026301384,0.8990057110786438,0.025250745937228203,0.025446297600865364,0.025172371417284012
237,내자상회,Topic 1,0.013564392924308777,0.9458836317062378,0.013551173731684685,0.013432667590677738,0.013568106107413769
238,우리강산,Topic 1,0.01589309796690941,0.4346490204334259,0.32152193784713745,0.21211068332195282,0.015825245529413223
239,방이샤브샤브칼국수 방이본점,Topic 4,0.01839139685034752,0.018399247899651527,0.018450206145644188,0.018406186252832413,0.9263529777526855
240,자원대구탕,Topic 1,0.033544156700372696,0.8655324578285217,0.033588699996471405,0.03370353952050209,0.0336310975253582
241,정감어린,Topic 3,0.022656580433249474,0.022900352254509926,0.02259044349193573,0.908811628818512,0.02304099313914776
242,전주회관,Topic 3,0.012611943297088146,0.01290181279182434,0.01280621811747551,0.9490048885345459,0.012675185687839985
243,우정낙지,Topic 3,0.014445086941123009,0.14931391179561615,0.014577575027942657,0.8071847558021545,0.01447868812829256
244,낙원(메이필드호텔),Topic 4,0.011375779286026955,0.011444207280874252,0.011495000682771206,0.011275327764451504,0.9544097185134888
245,미우미우참숯구이,Topic 1,0.013538439758121967,0.946047842502594,0.01349893119186163,0.013476749882102013,0.013438018038868904
246,용금옥,Topic 0,0.9323855042457581,0.016985377296805382,0.016858749091625214,0.016951797530055046,0.016818616539239883
247,용문집,Topic 1,0.01141324732452631,0.4886641800403595,0.4771072566509247,0.011342007666826248,0.011473339051008224
248,부산복집,Topic 1,0.016818614676594734,0.9321763515472412,0.016938546672463417,0.017156628891825676,0.016909876838326454
249,그릭조이,Topic 2,0.014568525366485119,0.014461725950241089,0.9420949816703796,0.014406911097466946,0.014467873610556126
250,바바인디아 강남역점,Topic 3,0.017051540315151215,0.017036374658346176,0.01704571209847927,0.931992769241333,0.01687363162636757
251,서울리즘,Topic 2,0.018442101776599884,0.018400998786091805,0.9262601137161255,0.018334878608584404,0.01856190897524357
252,홍능갈비집본점,Topic 4,0.022414593026041985,0.022592104971408844,0.022394021973013878,0.022560838609933853,0.910038411617279
253,곰국시집,Topic 0,0.9179674983024597,0.020626628771424294,0.02049446478486061,0.020517516881227493,0.020393867045640945
254,까델루뽀,Topic 1,0.016803966835141182,0.9323878288269043,0.017169317230582237,0.016842614859342575,0.01679627038538456
255,이강순실비집,Topic 1,0.022329462692141533,0.909694492816925,0.0228422898799181,0.022785907611250877,0.022347871214151382
256,영등포복집,Topic 3,0.010598063468933105,0.46077609062194824,0.010765121318399906,0.5071691870689392,0.010691520757973194
257,상인정신,Topic 1,0.0,0.7948756217956543,0.0,0.17616042494773865,0.0
258,늘푸른식당,Topic 0,0.9377663731575012,0.015575493685901165,0.015586216934025288,0.015506880357861519,0.015564989298582077
259,홍원,Topic 0,0.5371084213256836,0.40677610039711,0.018839122727513313,0.018529247492551804,0.018747108057141304
260,더 킹스,Topic 1,0.06787525117397308,0.7271807789802551,0.06815250962972641,0.06840580701828003,0.06838569045066833
261,해안반점,Topic 2,0.01863796077668667,0.018586885184049606,0.9259324073791504,0.01839386112987995,0.018448881804943085
262,로리스 더 프라임 립,Topic 3,0.012545647099614143,0.01275163609534502,0.012738646939396858,0.9492745995521545,0.01268951315432787
263,백제삼계탕,Topic 3,0.040425855666399,0.04092585667967796,0.04065524414181709,0.8372213840484619,0.04077165201306343
264,라 쿠치나,Topic 2,0.016814598813652992,0.01705831289291382,0.9324031472206116,0.016863007098436356,0.01686086691915989
265,삼수갑산,Topic 0,0.9415059685707092,0.014748400077223778,0.014597802422940731,0.014638463966548443,0.014509332366287708
266,스시겐,Topic 2,0.012753074057400227,0.012843681499361992,0.9490399956703186,0.012697434984147549,0.01266579981893301
267,하모,Topic 3,0.015452578663825989,0.015597580932080746,0.015535125508904457,0.9377991557121277,0.015615551732480526
268,장군갈비,Topic 1,0.01079651340842247,0.9569202661514282,0.010686391033232212,0.010850346647202969,0.010746441781520844
269,평래옥,Topic 1,0.022714324295520782,0.9089398980140686,0.022719718515872955,0.022928675636649132,0.022697359323501587
270,장군보쌈,Topic 1,0.01685304194688797,0.9318221211433411,0.01720569282770157,0.01703549176454544,0.017083611339330673
271,궁나라냉면묵밥,Topic 2,0.017108747735619545,0.017057368531823158,0.9317721724510193,0.017012419179081917,0.017049232497811317
272,모녀마약김밥,Topic 4,0.02260739728808403,0.022499484941363335,0.022576799616217613,0.022483352571725845,0.9098329544067383
273,갤러리카페 3안,Topic 4,0.014470943249762058,0.014517009258270264,0.01443121675401926,0.014455831609666348,0.9421249628067017
274,장수촌 풍천장어,Topic 1,0.013417945243418217,0.9459928274154663,0.01351938210427761,0.013576021417975426,0.01349379401654005
275,터치더스카이,Topic 1,0.011383945122361183,0.9544873833656311,0.01136525347828865,0.011239550076425076,0.011523830704391003
276,성북동 구포국수,Topic 0,0.8356502652168274,0.04113369807600975,0.04086929187178612,0.04123217612504959,0.04111453518271446
277,잇텐고,Topic 0,0.9461081027984619,0.013495945371687412,0.013495242223143578,0.013458896428346634,0.013441771268844604
278,감나무집기사식당,Topic 1,0.022382402792572975,0.9102790355682373,0.022386496886610985,0.022526701912283897,0.02242540381848812
279,안동국시소람,Topic 1,0.025195345282554626,0.8985542058944702,0.02556757815182209,0.025392252951860428,0.025290600955486298
280,명문막국수,Topic 0,0.9523647427558899,0.011912736110389233,0.011891799978911877,0.01193927600979805,0.011891413480043411
281,슈치쿠,Topic 2,0.010095844976603985,0.010132352821528912,0.9595710635185242,0.010115796700119972,0.010084941051900387
282,청수횟집,Topic 1,0.06787662953138351,0.7271329164505005,0.06815556436777115,0.06839349865913391,0.06844138354063034
283,강서면옥,Topic 4,0.01019726600497961,0.010274223983287811,0.010166219435632229,0.010232783854007721,0.9591295123100281
284,진남회집,Topic 1,0.020211705937981606,0.9190443754196167,0.020235618576407433,0.020282208919525146,0.02022610791027546
285,커피친구,Topic 0,0.9376810789108276,0.015626024454832077,0.015580706298351288,0.015537779778242111,0.015574400313198566
286,키다리아저씨,Topic 3,0.018318451941013336,0.018376674503087997,0.01836288906633854,0.9266090989112854,0.01833285391330719
287,원조이화감자국,Topic 1,0.06787530332803726,0.7271794676780701,0.06815270334482193,0.06838029623031616,0.06841221451759338
288,상락원,Topic 1,0.040412258356809616,0.8351202607154846,0.040894657373428345,0.04123537987470627,0.04233742132782936
289,더플레이스다이닝,Topic 0,0.9625946879386902,0.0,0.0,0.0,0.0
290,비노인빌라,Topic 3,0.0225253626704216,0.022687235847115517,0.02303221821784973,0.9090602397918701,0.02269490249454975
291,강남목장,Topic 1,0.0206208024173975,0.9182648062705994,0.020332571119070053,0.020323053002357483,0.02045876532793045
292,학림다방,Topic 1,0.06787575781345367,0.7271664142608643,0.06815602630376816,0.06839092075824738,0.06841087341308594
293,마지,Topic 2,0.01556087564677,0.015606538392603397,0.9376609921455383,0.01563241519033909,0.015539187006652355
294,BK볏짚 우대갈비 장안동본점,Topic 1,0.01557477843016386,0.9377177357673645,0.015486383810639381,0.01563587412238121,0.015585239045321941
295,풍류사랑,Topic 1,0.0678752213716507,0.727184534072876,0.06815280020236969,0.06838593631982803,0.0684015303850174
296,부빙,Topic 1,0.04065604880452156,0.8373368382453918,0.04057689756155014,0.04044828191399574,0.040981996804475784
297,장프리고,Topic 4,0.01829693093895912,0.01847901940345764,0.01840462163090706,0.018248723819851875,0.9265706539154053
298,메이징에이,Topic 2,0.0,0.0,0.9648240804672241,0.0,0.0
299,해품장팔팔장어,Topic 3,0.020123640075325966,0.020229307934641838,0.020146925002336502,0.9193760752677917,0.02012401632964611
300,은주정,Topic 1,0.02888954058289528,0.8828102946281433,0.028757652267813683,0.02928457222878933,0.030257897451519966
301,외양간,Topic 0,0.9522160291671753,0.012083803303539753,0.011905886232852936,0.011893968097865582,0.011900299228727818
302,레이지파머스,Topic 1,0.01355754490941763,0.9460851550102234,0.013488720171153545,0.013398786075413227,0.013469798490405083
303,아이해브어드림,Topic 1,0.01013752818107605,0.9595322608947754,0.010191051289439201,0.01007827091962099,0.010060930624604225
304,모모야마,Topic 2,0.01560864970088005,0.01553709153085947,0.9377568960189819,0.015522678382694721,0.01557468343526125
305,코리아하우스,Topic 2,0.010739561170339584,0.010968049056828022,0.9566906094551086,0.010770615190267563,0.010831146501004696
306,한쿡 N서울타워,Topic 1,0.06787540018558502,0.7271817922592163,0.06815597414970398,0.06838581711053848,0.0684010237455368
307,더 우리곱창,Topic 1,0.0338858887553215,0.8648257255554199,0.03382177650928497,0.03374017775058746,0.03372645005583763
308,헤이더그린,Topic 1,0.025309568271040916,0.8989264369010925,0.02514096349477768,0.025122955441474915,0.02550012432038784
309,칠형제우리감자탕,Topic 2,0.022460568696260452,0.022800711914896965,0.9093322157859802,0.022722367197275162,0.022684063762426376
310,오라이등심,Topic 1,0.025464525446295738,0.8975909352302551,0.025941409170627594,0.025393959134817123,0.025609146803617477
311,동경,Topic 0,0.9189602732658386,0.02025463618338108,0.020331239327788353,0.020179377868771553,0.020274445414543152
312,황금정원,Topic 0,0.898470401763916,0.025490526109933853,0.025242509320378304,0.025301463901996613,0.025495098903775215
313,늘푸른목장 잠실본점,Topic 3,0.015544410794973373,0.01569146104156971,0.015567944385111332,0.9374591112136841,0.015737082809209824
314,백제추어탕 본점,Topic 4,0.02892228588461876,0.4420134723186493,0.029185304418206215,0.028849489986896515,0.47102946043014526
315,몽중헌 청담점,Topic 0,0.9373784065246582,0.01565314270555973,0.015600095503032207,0.015747103840112686,0.015621274709701538
316,충남식당,Topic 1,0.0335526205599308,0.864526093006134,0.034012384712696075,0.03408024087548256,0.033828653395175934
317,도읍지,Topic 2,0.029269859194755554,0.029188191518187523,0.883082389831543,0.02909780479967594,0.029361754655838013
318,서울원조아구찜,Topic 1,0.02541108801960945,0.8974565863609314,0.0256703719496727,0.025479260832071304,0.02598271332681179
319,프로퍼커피바2호점,Topic 2,0.015612121671438217,0.015568224713206291,0.937637209892273,0.015475197695195675,0.01570723205804825
320,우정,Topic 4,0.020285798236727715,0.02035706490278244,0.020242469385266304,0.020173784345388412,0.9189409017562866
321,제주국수,Topic 3,0.013478795997798443,0.013553316704928875,0.013672993518412113,0.9458327293395996,0.013462179340422153
322,사동면옥,Topic 0,0.9256975054740906,0.018489446491003036,0.018701568245887756,0.018638700246810913,0.018472833558917046
323,두에꼬제,Topic 1,0.029231328517198563,0.8838161826133728,0.028929736465215683,0.02895307168364525,0.02906963974237442
324,진원조 닭한마리,Topic 2,0.01834886334836483,0.018697751685976982,0.9260470867156982,0.0184614434838295,0.01844489388167858
325,호남집,Topic 3,0.025180941447615623,0.02535255253314972,0.02518485300242901,0.89906245470047,0.025219179689884186
326,대풍간장게장생선구이,Topic 3,0.02236325480043888,0.022694142535328865,0.0227431058883667,0.9095709919929504,0.022628579288721085
327,태조대림감자국,Topic 1,0.013729279860854149,0.945561408996582,0.01362308394163847,0.013564790599048138,0.013521474786102772
328,산띠 서교점,Topic 4,0.05117940902709961,0.05167404189705849,0.05137504264712334,0.05121208354830742,0.7945594191551208
329,신옛찻집,Topic 1,0.06787626445293427,0.7271513938903809,0.06815966963768005,0.06840959936380386,0.06840307265520096
330,청해진(강동구),Topic 1,0.018556663766503334,0.925897479057312,0.018465625122189522,0.0185355544090271,0.018544690683484077
331,마장갈비,Topic 1,0.022797739133238792,0.9091289639472961,0.02244611456990242,0.02273271419107914,0.022894402965903282
332,엘샌드위치 종로점,Topic 1,0.04053889214992523,0.8374773263931274,0.04050419107079506,0.040628451853990555,0.04085112363100052
333,허형만의 압구정커피집,Topic 1,0.06787490099668503,0.7271947860717773,0.06815209239721298,0.06837932765483856,0.06839896738529205
334,비스테까,Topic 1,0.028886687010526657,0.8839962482452393,0.029176047071814537,0.02911945804953575,0.028821581974625587
335,함흥에겨울냉면,Topic 1,0.06787560880184174,0.7271715402603149,0.06815341860055923,0.06840646266937256,0.06839294731616974
336,친니,Topic 0,0.9094277024269104,0.02263929322361946,0.022740252315998077,0.022503111511468887,0.022689595818519592
337,장미삼계탕,Topic 1,0.011822191067039967,0.9524848461151123,0.011906123720109463,0.011933691799640656,0.01185318548232317
338,오다리집,Topic 4,0.022428324446082115,0.022952981293201447,0.0224810428917408,0.022607766091823578,0.9095299243927002
339,서석대,Topic 4,0.013570516370236874,0.013534748926758766,0.013601414859294891,0.013619992882013321,0.9456733465194702
340,산들애건강밥상,Topic 1,0.017040550708770752,0.9325594305992126,0.01680152304470539,0.01684373803436756,0.01675471104681492
341,하이디라오 서초지점,Topic 3,0.025170406326651573,0.025666074827313423,0.025263769552111626,0.8985945582389832,0.025305191054940224
342,명동부대찌개 명동황기족발,Topic 3,0.028964532539248466,0.029214324429631233,0.029160957783460617,0.8833850622177124,0.029275082051753998
343,남포면옥,Topic 0,0.9369242787361145,0.015855995938181877,0.015878893435001373,0.015623306855559349,0.015717579051852226
344,진미평양냉면,Topic 3,0.014527427032589912,0.014574958011507988,0.014427431859076023,0.9418420791625977,0.014628075063228607
345,아리랑,Topic 1,0.0338224433362484,0.8645802140235901,0.0337013378739357,0.03388151526451111,0.0340145006775856
346,금돼지식당,Topic 4,0.020234042778611183,0.020484378561377525,0.020383242517709732,0.020279565826058388,0.9186187386512756
347,전주식당,Topic 3,0.011999891139566898,0.01195934135466814,0.012026524171233177,0.9520308971405029,0.011983389034867287
348,전주유할머니비빔밥,Topic 0,0.9077730774879456,0.022883879020810127,0.023174379020929337,0.023218469694256783,0.0229501910507679
349,카페 폭포,Topic 4,0.011411277577280998,0.011376655660569668,0.011256929486989975,0.011156922206282616,0.95479816198349
350,국시집,Topic 2,0.015716785565018654,0.015682270750403404,0.9374743700027466,0.015593641437590122,0.015532923862338066
351,갈비명가이상 돈암본관,Topic 4,0.020165124908089638,0.02024320513010025,0.020237784832715988,0.02018016017973423,0.9191737174987793
352,개화,Topic 4,0.04056283086538315,0.04106655344367027,0.0409616194665432,0.040700625628232956,0.8367084264755249
353,삼호복집 신촌,Topic 2,0.022372880950570107,0.02309444546699524,0.9091401100158691,0.022905079647898674,0.022487444803118706
354,해랑,Topic 1,0.014644064009189606,0.9420110583305359,0.014520748518407345,0.014392904005944729,0.014431246556341648
355,종가집,Topic 2,0.017306985333561897,0.016983646899461746,0.8532180190086365,0.09515481442213058,0.017336566001176834
356,주은감자탕,Topic 4,0.02241152711212635,0.022703632712364197,0.02254330925643444,0.02275785431265831,0.9095836281776428
357,신안촌,Topic 1,0.016752373427152634,0.931882917881012,0.017169814556837082,0.017124395817518234,0.017070511355996132
358,라브리,Topic 0,0.8983185887336731,0.02543868124485016,0.02548138238489628,0.02533084712922573,0.02543046325445175
359,오우가,Topic 1,0.0414859764277935,0.8369840383529663,0.0403960756957531,0.040681302547454834,0.04045265540480614
360,이닝,Topic 2,0.01547335460782051,0.01561701763421297,0.9373472929000854,0.01562737673521042,0.015934916213154793
361,박가네빈대떡,Topic 2,0.018613683059811592,0.01849253661930561,0.9258936047554016,0.018484488129615784,0.018515661358833313
362,원대구탕,Topic 1,0.033544156700372696,0.8655328750610352,0.033588707447052,0.03370297700166702,0.03363128751516342
363,전통다원,Topic 0,0.5322442054748535,0.017085783183574677,0.017010275274515152,0.41670164465904236,0.016958065330982208
364,은호식당,Topic 1,0.016732465475797653,0.9329216480255127,0.016773076727986336,0.01677669771015644,0.01679614745080471
365,옛날중국집,Topic 4,0.028828904032707214,0.029330626130104065,0.029185453429818153,0.028888829052448273,0.8837661743164062
366,완차이,Topic 4,0.020185105502605438,0.020614275708794594,0.02050185762345791,0.020313933491706848,0.918384850025177
367,너비집,Topic 1,0.06787633895874023,0.7271518707275391,0.068154476583004,0.06841439008712769,0.0684029683470726
368,남원집,Topic 1,0.02238379791378975,0.9097940921783447,0.0228325966745615,0.022530997171998024,0.022458449006080627
369,메종 드 라 카테고리,Topic 3,0.014446473680436611,0.014470374211668968,0.014425982721149921,0.9421646595001221,0.014492517337203026
370,꼼떼 바베큐 둔촌본점,Topic 4,0.01438918150961399,0.01447572372853756,0.014498763717710972,0.014378219842910767,0.9422581195831299
371,마산옥,Topic 1,0.020094865933060646,0.9192166924476624,0.020209822803735733,0.02036321721971035,0.020115435123443604
372,오향족발,Topic 2,0.02559451200067997,0.025621475651860237,0.8977593779563904,0.02539406530559063,0.025630565360188484
373,봉피양 방이점,Topic 4,0.012669377028942108,0.012696376070380211,0.01258080080151558,0.012679018080234528,0.9493744373321533
374,우스마니아,Topic 2,0.012715524062514305,0.012605653144419193,0.9494033455848694,0.012606358155608177,0.01266914140433073
375,타볼로24,Topic 1,0.025128928944468498,0.8979277014732361,0.025946713984012604,0.02555510215461254,0.025441549718379974
376,뜰과다원,Topic 1,0.06787560880184174,0.7271707057952881,0.06815386563539505,0.06840546429157257,0.06839433312416077
377,안동할매청국장,Topic 3,0.016761865466833115,0.01693814992904663,0.01702135056257248,0.9324650764465332,0.016813531517982483
378,고향풍천장어,Topic 3,0.01462171133607626,0.014781631529331207,0.014722411520779133,0.9412854313850403,0.014588846825063229
379,린스시,Topic 1,0.025166751816868782,0.8978846073150635,0.0258970707654953,0.0256431195884943,0.025408461689949036
380,스시조,Topic 3,0.014438608661293983,0.014657893218100071,0.01480125356465578,0.9414787292480469,0.014623493887484074
381,역전회관,Topic 4,0.040771979838609695,0.04118672385811806,0.04154505208134651,0.04115700349211693,0.8353391885757446
382,마포소문난원조족발,Topic 0,0.5169308185577393,0.013602430932223797,0.4423828721046448,0.013520676642656326,0.013563212007284164
383,워킹온더클라우드,Topic 2,0.025355974212288857,0.02582007274031639,0.8979979157447815,0.02547667734324932,0.025349384173750877
384,니와,Topic 0,0.9324386119842529,0.01691669411957264,0.01694532111287117,0.016820678487420082,0.01687871851027012
385,제비다방,Topic 1,0.0511486753821373,0.7952970266342163,0.05100644379854202,0.05077369883656502,0.05177420750260353
386,사랑채,Topic 2,0.013498855754733086,0.013680581003427505,0.9452480673789978,0.01384300459176302,0.013729486614465714
387,루이,Topic 1,0.013449450023472309,0.945611298084259,0.01374646183103323,0.013683096505701542,0.013509663753211498
388,동해도 광화문,Topic 2,0.02246135286986828,0.022484149783849716,0.9100407361984253,0.02258441224694252,0.02242930792272091
389,희락갈치,Topic 1,0.06787651777267456,0.7271385788917542,0.06815589219331741,0.0683930516242981,0.06843598932027817
390,현대칼국수,Topic 3,0.0203411802649498,0.020400064066052437,0.020629379898309708,0.9180222153663635,0.020607220008969307
391,장안동 먹깨비 간장게장 해물아구찜,Topic 3,0.02234715223312378,0.02276306413114071,0.022603623569011688,0.9096760153770447,0.0226101316511631
392,미림산장,Topic 4,0.022495882585644722,0.022521600127220154,0.022458575665950775,0.0224227923899889,0.9101011753082275
393,청담나인,Topic 2,0.01838682033121586,0.018419595435261726,0.9262598752975464,0.018334774300456047,0.018598923459649086
394,신강양꼬치,Topic 4,0.05074093118309975,0.051444198936223984,0.050904277712106705,0.051040101796388626,0.7958704829216003
395,화니 신세계 강남점,Topic 3,0.016748707741498947,0.01714501343667507,0.01709832437336445,0.9319875240325928,0.017020413652062416
396,돈까스잔치 동빙고점,Topic 0,0.937693178653717,0.01569821871817112,0.015510994009673595,0.015536732040345669,0.015560902655124664
397,신촌 닭한마리 유닭스토리,Topic 1,0.02533598057925701,0.8983469009399414,0.025591466575860977,0.025429386645555496,0.02529630996286869
398,꼴라주,Topic 2,0.018297705799341202,0.018740897998213768,0.9254939556121826,0.01878765970468521,0.018679743632674217
399,카나디안 랍스터,Topic 4,0.04066960886120796,0.04091079905629158,0.04077538102865219,0.04068700596690178,0.8369572162628174
400,청해진,Topic 1,0.01672867126762867,0.9327371120452881,0.01683454029262066,0.016853008419275284,0.016846690326929092
401,한모네 순대국,Topic 1,0.06787744164466858,0.7271251678466797,0.06817430257797241,0.06841129064559937,0.06841181218624115
402,마쯔야,Topic 2,0.014409034512937069,0.014664463698863983,0.6525164842605591,0.014642872847616673,0.30376720428466797
403,춘천집닭갈비막국수,Topic 0,0.9094812870025635,0.02292480506002903,0.022532235831022263,0.02253962680697441,0.022522052749991417
404,또순이원조순대,Topic 1,0.020234590396285057,0.9182866215705872,0.020773636177182198,0.020369822159409523,0.0203353613615036
405,타지펠리스 이태원점,Topic 1,0.06787654757499695,0.7271311283111572,0.06815432757139206,0.06844537705183029,0.06839264929294586
406,우리집떡볶이,Topic 1,0.06787622720003128,0.7271464467048645,0.06815412640571594,0.06841494143009186,0.06840826570987701
407,비하인드,Topic 1,0.015873605385422707,0.9374680519104004,0.015587110072374344,0.015485977753996849,0.015585244633257389
408,미니네,Topic 1,0.06787528097629547,0.7271788120269775,0.06815238296985626,0.06840810179710388,0.06838541477918625
409,파툼,Topic 1,0.06787586212158203,0.7271587252616882,0.06815342605113983,0.06842188537120819,0.06839008629322052
410,노천파전,Topic 3,0.02233804762363434,0.022644231095910072,0.02270660363137722,0.9097779989242554,0.022533083334565163
411,비타포,Topic 1,0.06787536293268204,0.7271827459335327,0.06815318763256073,0.06839841604232788,0.06839029490947723
412,일미간장게장본점,Topic 1,0.025327423587441444,0.8972823619842529,0.025252580642700195,0.02581467665731907,0.02632298320531845
413,홍루몽,Topic 4,0.018268905580043793,0.018498145043849945,0.01864701509475708,0.01843496784567833,0.9261509776115417
414,뿌자,Topic 1,0.06787699460983276,0.7271168231964111,0.0681551843881607,0.06845103949308395,0.06839995831251144
415,타마린드,Topic 3,0.01180799026042223,0.012002329342067242,0.012069757096469402,0.9521924257278442,0.011927571147680283
416,중앙갈치식당,Topic 1,0.06787558645009995,0.7271720170974731,0.06815392524003983,0.06840847432613373,0.06838999688625336
417,홍어명가,Topic 3,0.02542499080300331,0.025689641013741493,0.025735890492796898,0.8974061608314514,0.025743350386619568
418,마포유가궁중족발,Topic 4,0.040931202471256256,0.04108133167028427,0.041100237518548965,0.04092853516340256,0.8359586596488953
419,밀화,Topic 4,0.01827186718583107,0.018790626898407936,0.018794003874063492,0.01877826265990734,0.9253652095794678
420,아르모니움,Topic 2,0.014436066150665283,0.014512937515974045,0.9422633051872253,0.014379116706550121,0.014408616349101067
421,초롱이고모부대찌개,Topic 4,0.025445491075515747,0.025559622794389725,0.025386421009898186,0.025616949424147606,0.8979915380477905
422,파크 하얏트 서울 코너스톤,Topic 1,0.06787712126970291,0.7271146774291992,0.06815923750400543,0.06844568997621536,0.06840327382087708
423,손가네곰국수,Topic 1,0.06787756085395813,0.7271044254302979,0.06815710663795471,0.06840759515762329,0.06845337152481079
424,메종 한남,Topic 0,0.9259654879570007,0.018604682758450508,0.018513429909944534,0.01836104318499565,0.01855536177754402
425,우성갈비,Topic 3,0.022587714716792107,0.02298465557396412,0.02285686694085598,0.9090113043785095,0.02255939692258835
426,챠크라 한남점,Topic 1,0.0678752139210701,0.7271838784217834,0.06815267354249954,0.06839646399021149,0.06839178502559662
427,백마김씨네 도곡본점,Topic 4,0.02231697365641594,0.022474976256489754,0.022319724783301353,0.022395260632038116,0.9104930758476257
428,인터컨티넨탈 서울 코엑스 스카이 라운지,Topic 3,0.025149675086140633,0.025273960083723068,0.025178968906402588,0.8991929888725281,0.02520444616675377
429,서일순대국,Topic 1,0.015458094887435436,0.9379100203514099,0.01550889853388071,0.015576244331896305,0.015546761453151703
430,알디프 티 바,Topic 4,0.04088751599192619,0.04068345949053764,0.04061875864863396,0.040370792150497437,0.8374395370483398
431,레스피레,Topic 0,0.9091261625289917,0.02302616834640503,0.022800395265221596,0.02245662733912468,0.02259061112999916
432,도원스타일,Topic 2,0.015525550581514835,0.01584637723863125,0.9371860027313232,0.01578671857714653,0.015655409544706345
433,비비브라운,Topic 4,0.022509396076202393,0.02269679680466652,0.022520195692777634,0.022687217220664024,0.9095863699913025
434,이끼롤까스 가로수길본점,Topic 4,0.01689084805548191,0.01686461828649044,0.01687694899737835,0.01683836430311203,0.9325292110443115
435,1940금문,Topic 1,0.018259312957525253,0.9266543388366699,0.018404746428132057,0.018301337957382202,0.01838027313351631
436,코끼리베이글,Topic 4,0.025255447253584862,0.025347545742988586,0.025257816538214684,0.02526775747537613,0.8988714218139648
437,알페도,Topic 4,0.020221073180437088,0.02027781680226326,0.02016063593327999,0.02017449401319027,0.9191659688949585
438,통일집,Topic 3,0.02915363200008869,0.02922850102186203,0.029272815212607384,0.8830229043960571,0.02932218462228775
439,아야진생태찌개 본점,Topic 3,0.01675167866051197,0.016897128894925117,0.01674528419971466,0.9327980875968933,0.016807816922664642
440,히라메키,Topic 3,0.018258413299918175,0.01835411787033081,0.018272357061505318,0.9268305897712708,0.018284492194652557
441,하단,Topic 3,0.02530558407306671,0.025310780853033066,0.02541867271065712,0.8986428380012512,0.025322144851088524
442,새만포면옥,Topic 0,0.9456798434257507,0.013661268167197704,0.01349337212741375,0.013573821634054184,0.013591671362519264
443,황토추어탕,Topic 2,0.022633863613009453,0.02282811515033245,0.9090284109115601,0.02277989313006401,0.02272973768413067
444,해담채 삼성점,Topic 1,0.02519163489341736,0.8985722064971924,0.025547096505761147,0.02546054497361183,0.02522854320704937
445,까사빠보 신세계백화점본점,Topic 2,0.014379298314452171,0.014580921269953251,0.9419012069702148,0.014592822641134262,0.014545736834406853
446,포포인츠 바이 쉐라톤 조선 서울역 더 이터리,Topic 1,0.01672917976975441,0.9317796230316162,0.017219679430127144,0.01720919832587242,0.01706228218972683
447,오양회참치 광화문본점,Topic 1,0.020090358331799507,0.919269859790802,0.02020159177482128,0.02022351138293743,0.020214706659317017
448,h450,Topic 2,0.013588751666247845,0.013784467242658138,0.9453792572021484,0.013608923181891441,0.013638569042086601
